{
  "title": "DMM Jan 30 — Callisto Cave Control (61–80)",
  "selectedSectionId": "id_93097dddad7cf_19b7e0462ef",
  "sections": [
    {
      "id": "id_2fc80d34ec3fd_19b7c933602",
      "title": "Phase 1 — Start (Lumbridge → Stronghold → 10k → Varrock)",
      "open": true,
      "steps": [
        {
          "id": "id_8f8c457f9ccbc8_19b7c933602",
          "title": "Lumbridge → Count Check",
          "text": "Spawn in Lumbridge.\nRun to the graveyard.\nComplete the restless ghost quest to get free prayer levels\nTalk to Count Check.\nTeleport to Stronghold of Security.",
          "imageId": "id_8f8c457f9ccbc8_19b7c933602"
        },
        {
          "id": "id_877fb84e774008_19b7c933602",
          "title": "Stronghold of Security → 10k",
          "text": "Complete Stronghold of Security for the starting 10k gold.",
          "imageId": "id_877fb84e774008_19b7c933602"
        },
        {
          "id": "id_f0cf51f079513_19b7c933602",
          "title": "Varrock shopping",
          "text": "Buy Staff of Water from Zaff.\nBuy Mind/Air runes from rune shop.",
          "imageId": "id_f0cf51f079513_19b7c933602"
        },
        {
          "id": "id_6d6382c534b758_19b7c9375cd",
          "title": "run to ferox/ lava dragons",
          "text": "run to the ferox onclave and use the obelisk to lvl 35 wildy then run to lava dragons. (have water staff, air runes, mind runes, some food)",
          "imageId": "id_6d6382c534b758_19b7c9375cd"
        }
      ]
    },
    {
      "id": "id_41aca66c38e868_19b7c933602",
      "title": "Phase 2 — Immunity hour (Lava Dragons → 43 Prayer)",
      "open": true,
      "steps": [
        {
          "id": "id_a111a820e40e38_19b7c933602",
          "title": "Go Lava Dragons immediately",
          "text": "During immunity, go to Lava Dragons.\nKill them and bury bones at the on the isle for bonus Prayer XP.\nExpect crowding.  kill until 43 prayer. (if you haven't completed the restless ghost quest yet dont get prayer xp yet otherwise you may end up past 43 prayer) ",
          "imageId": "id_a111a820e40e38_19b7c933602"
        },
        {
          "id": "id_aee8769caa1148_19b7c933602",
          "title": "sell loot from dragons at GE. ",
          "text": "Once you reach 43 Prayer, STOP killing Lava Dragons.\nWe want to keep HP low for bracket control.",
          "imageId": "id_aee8769caa1148_19b7c933602"
        }
      ]
    },
    {
      "id": "id_499ed7142a852_19b7dfe598f",
      "title": "Mage training",
      "open": true,
      "steps": [
        {
          "id": "id_ae9ceb14c3595_19b7dfe6581",
          "title": "To get easy mage levels without risk use Arceuus Libary",
          "text": "Go to the port sarim dock to travel to kourend (port piscarilius) (may need to do x marks the spot quest) ",
          "imageId": "id_ae9ceb14c3595_19b7dfe6581"
        },
        {
          "id": "id_d343166882b38_19b7dff61d1",
          "title": "Run through Arceuus Libary for as many mage levels as you want. ",
          "text": "Use plugin Kourend library to make it easy. stack up multiple books before turning them in. after you lose immunity you may want to redeem as you get them incase people rag.  ",
          "imageId": "id_d343166882b38_19b7dff61d1"
        }
      ]
    },
    {
      "id": "id_93097dddad7cf_19b7e0462ef",
      "title": "Range training",
      "open": false,
      "steps": [
        {
          "id": "id_02e6ee85594a6_19b7e046c0f",
          "title": "Complete Goblin Diplomacy",
          "text": "you can get woad leaves from Falador Park for 20gp",
          "imageId": "id_02e6ee85594a6_19b7e046c0f"
        },
        {
          "id": "id_ffc776dc515ae_19b7e078aca",
          "title": " Rune mysteries",
          "text": "",
          "imageId": "id_ffc776dc515ae_19b7e078aca"
        },
        {
          "id": "id_0b877ded4d363_19b7e0b09da",
          "title": "Complete The Lost Tribe",
          "text": "need 13 agilty (can be done at draynor)\nneed 13 theiving (pickpocket men/tea stall in varrock\nneed 17 mining (copper/tin ores south of lumby) ",
          "imageId": "id_0b877ded4d363_19b7e0b09da"
        },
        {
          "id": "id_ef8a2c3794ba48_19b7e0c937a",
          "title": "buy bone crossbows from the shop after quest (You can buy from the GE but likely costs a lot early on) ",
          "text": "Buy the crossbow and bone bolt packs (probably 500-1k) ",
          "imageId": "id_ef8a2c3794ba48_19b7e0c937a"
        },
        {
          "id": "id_3e7499b4f374a_19b7e0ea08c",
          "title": "Complete Ernest the chicken",
          "text": "all items are available during the quest",
          "imageId": "id_3e7499b4f374a_19b7e0ea08c"
        },
        {
          "id": "id_ad9799532dee78_19b7e12ab0e",
          "title": "Complete Priest in Peril ",
          "text": "",
          "imageId": "id_ad9799532dee78_19b7e12ab0e"
        },
        {
          "id": "id_a9789c7d35764_19b7e145f15",
          "title": "Complete Animal magnetism for backpack",
          "text": "Slayer 18 Slayer  (do varrock museum basement quiz for slayer)\nCrafting 19 Crafting  (sheer sheep into balls of wool at lumby castle)\nRanged 30 Ranged  (use bone crossbow to train range) \nWoodcutting 35  (cut trees)",
          "imageId": "id_a9789c7d35764_19b7e145f15"
        },
        {
          "id": "id_e01160284d1f78_19b7e219513",
          "title": "complete Dwarf cannon quest",
          "text": "",
          "imageId": "id_e01160284d1f78_19b7e219513"
        }
      ]
    },
    {
      "id": "id_699a9fdcca6d38_19b7e23f5e2",
      "title": "Combat Skill level Goals",
      "open": false,
      "steps": [
        {
          "id": "id_17c19b3c944028_19b7e23fe45",
          "title": "Max CB 60 option 1",
          "text": "50 hp for volatile staff\n60 attack for claws/dds ",
          "imageId": "id_17c19b3c944028_19b7e23fe45"
        },
        {
          "id": "id_6a17ac28992fc_19b7e2632a7",
          "title": "Max CB 60 option 2",
          "text": "Lowest hp/prayer option for godsword and barrage \n-no protect melee",
          "imageId": "id_6a17ac28992fc_19b7e2632a7"
        },
        {
          "id": "id_079632f480762_19b7e29a49e",
          "title": "Max CB 80 option 1 (godswords + basic overheads ) ",
          "text": "Godswords / max str range mage\nonly has protection prayer (no ruinous) ",
          "imageId": "id_079632f480762_19b7e29a49e"
        },
        {
          "id": "id_9195c5f828dbc8_19b7e2e1e1c",
          "title": "Max CB 80 option 2 (ruinous prayers account)",
          "text": "no godsword but allows for max ruinous prayers",
          "imageId": "id_9195c5f828dbc8_19b7e2e1e1c"
        },
        {
          "id": "id_8577d826e8c818_19b7e2f680e",
          "title": "Max CB 80 option 3 ( Godswords + rigour/augory ",
          "text": "",
          "imageId": "id_8577d826e8c818_19b7e2f680e"
        },
        {
          "id": "id_767e46c538a29_19b7e30e858",
          "title": "Max CB 80 option 4 (Tank)",
          "text": "Has max hp for surviving but only basic overheads",
          "imageId": "id_767e46c538a29_19b7e30e858"
        },
        {
          "id": "id_6e2749b2fbaff8_19b7e52c5d2",
          "title": "Max cb 95",
          "text": "82 for fang\nmax everything else. ",
          "imageId": "id_6e2749b2fbaff8_19b7e52c5d2"
        }
      ]
    },
    {
      "id": "id_d7a644495f466_19b7e32f2c5",
      "title": "Money making",
      "open": false,
      "steps": [
        {
          "id": "id_47533dcd16df3_19b7e32fbf0",
          "title": "Zombie Pirates",
          "text": "Prayer Mage and kill the zombies as a team for faster kills and protection from pkers. ",
          "imageId": "id_47533dcd16df3_19b7e32fbf0"
        },
        {
          "id": "id_0ebbe13c9da1a_19b7e3319ca",
          "title": "Mass Callisto",
          "text": "Get atleast 1 player with entangles / freezes and kill bear as a group. \n-players can get engangle/freeze sacks from LMS",
          "imageId": "id_0ebbe13c9da1a_19b7e3319ca"
        },
        {
          "id": "id_37a9bafc8285f_19b7e333c1c",
          "title": "LMS",
          "text": "We dont know yet if LMS will be allowed/points adjusted. ",
          "imageId": "id_37a9bafc8285f_19b7e333c1c"
        },
        {
          "id": "id_4bed752f0842d8_19b7e45c46d",
          "title": "Low level Revs",
          "text": "can kill easily with Bone crossbow / dragon weapons while wearing monk robes. ",
          "imageId": "id_4bed752f0842d8_19b7e45c46d"
        },
        {
          "id": "id_ded62fcc1eb8f8_19b7e4791bc",
          "title": "Mass agility course",
          "text": "draynor 1-30\nvarrock 30-52\n\ncourse from 52+ \n\nCosts 150k to use. having teamates with pk setups recommended\n",
          "imageId": "id_ded62fcc1eb8f8_19b7e4791bc"
        },
        {
          "id": "id_44a58ab6d018d8_19b7ff4209e",
          "title": "Barrows",
          "text": "Can be easily done with 43 prayer and 62 magic for Wind wave (i believe blighted potions can be used in dmm) ",
          "imageId": "id_44a58ab6d018d8_19b7ff4209e"
        },
        {
          "id": "id_84b2ba56e7e4c_19b88313845",
          "title": "Shops (Buying runes)",
          "text": "Early on runes are hard to come by since no one trains runecrafting in DMM so shops often sell for less than ge value and you can safely buy in Varrock.  \n\n----Safe shops (non pvp)----\nAubury's Rune Shop in Varrock\n\n----Shops in pvp----\nBetty's Magic Emporium in Port Sarim\nAli's Discount Wares in Al Kharid\nBattle Runes from the Mage of Zamorak\nLundail's Arena-side Rune Shop in Mage Arena\nMagic Guild Store (Runes and Staves) in Yanille\nRegath's Wares in Arceuus\nThyria's Wares in Arceuus\nTzHaar-Mej-Roh's Rune Store in Mor Ul Rek\nTutab's Magical Market in Ape Atoll\nVoid Knight Magic Store in Void Knights' Outpost\nThe Runic Emporium in Cam Torum\nTal Teklan Rune Shop in Tal Teklan",
          "imageId": "id_84b2ba56e7e4c_19b88313845"
        },
        {
          "id": "id_212454856f0b_19b88364686",
          "title": "Fletching/crafting/enchanting Bolts",
          "text": "Enchanted bolts are in high demand during DMM and not a lot of sources for them early on. Making them from scratch can make decent money. ",
          "imageId": "id_212454856f0b_19b88364686"
        },
        {
          "id": "id_061885471c72a8_19b88393d1f",
          "title": "Slayer drops",
          "text": "Getting slayer levels for high ticket items can be solid money but will be pk hotspots\n\ncan train with wildy slayer tasks\n\n-85 for whips\n-93 for occults\n",
          "imageId": "id_061885471c72a8_19b88393d1f"
        }
      ]
    },
    {
      "id": "id_e043faeaf1d54_19b7e4a7c77",
      "title": "DMM INFO",
      "open": false,
      "steps": [
        {
          "id": "id_563716d145b908_19b7e4a8448",
          "title": "DMM Skull unlocks sigil upgrades based on tasks completed/ levels gained",
          "text": "-not a full list of info available yet",
          "imageId": "id_563716d145b908_19b7e4a8448"
        },
        {
          "id": "id_ce5766f047a3c8_19b7e4a893c",
          "title": "Buyable Quest unlocks",
          "text": "recommended to get mahjaratt for ancients\ngnome for ballista?",
          "imageId": "id_ce5766f047a3c8_19b7e4a893c"
        },
        {
          "id": "id_07a7953f8f5238_19b7e4a8afc",
          "title": "Brackets",
          "text": "WE will likely be in the 61-80 for pures",
          "imageId": "id_07a7953f8f5238_19b7e4a8afc"
        },
        {
          "id": "id_b0fd50f21b8f88_19b7e4a8c6a",
          "title": "Random changes from previous years",
          "text": "",
          "imageId": "id_b0fd50f21b8f88_19b7e4a8c6a"
        },
        {
          "id": "id_85f5b94592f63_19b883d9e5d",
          "title": "Ruinous PRAYERS",
          "text": "HUGE for pking",
          "imageId": "id_85f5b94592f63_19b883d9e5d"
        }
      ]
    },
    {
      "id": "id_483520466521c_19b7feac2c1",
      "title": "Discords for Selling Gold",
      "open": false,
      "steps": [
        {
          "id": "id_fef9423f1972b_19b7feacc30",
          "title": "DMMPlace",
          "text": "https://discord.gg/dDfNgJVK",
          "imageId": "id_fef9423f1972b_19b7feacc30"
        },
        {
          "id": "id_578fb8bc70863_19b7ff23e43",
          "title": "Runescape Chronicles",
          "text": "https://discord.gg/mtmWHzyV\n\nthey have had player 2 player trading for DMM in the past but beware of scams, only trade trusted bulk buyers.",
          "imageId": "id_578fb8bc70863_19b7ff23e43"
        }
      ]
    },
    {
      "id": "id_c312b0ebbd139_19b7feb2ea0",
      "title": "Youtube guides for DMM",
      "open": false,
      "steps": [
        {
          "id": "id_41f5cef83c45d_19b7feb37a9",
          "title": "Lilratbags Osrs",
          "text": "https://www.youtube.com/watch?v=2RTX5YNH1lY\n\nhe has lots of DMM based videos for ideas. ",
          "imageId": "id_41f5cef83c45d_19b7feb37a9"
        },
        {
          "id": "id_484231954a1dc8_19b7fefa357",
          "title": "New step",
          "text": "",
          "imageId": ""
        }
      ]
    },
    {
      "id": "id_179aa609613b08_19b800a51d9",
      "title": "Low risk gear setups",
      "open": false,
      "steps": [
        {
          "id": "id_ee7f097a8018b8_19b86a5a33e",
          "title": "Low risk gear ideas",
          "text": "All can be adjusted. These are just templet ideas. ",
          "imageId": "id_ee7f097a8018b8_19b86a5a33e"
        }
      ]
    },
    {
      "id": "id_0db1cde8a83ca_19b86a818f3",
      "title": "Important quests",
      "open": false,
      "steps": [
        {
          "id": "id_4323c341daec68_19b86a820d0",
          "title": "Lost City",
          "text": "unlocks dragon daggers",
          "imageId": "id_4323c341daec68_19b86a820d0"
        },
        {
          "id": "id_a5fe45d6d8d848_19b86a855a6",
          "title": "Monkey madness 1",
          "text": "Unlocks dragon scimitars",
          "imageId": "id_a5fe45d6d8d848_19b86a855a6"
        },
        {
          "id": "id_4bc3535a3d4d1_19b86a888c8",
          "title": "Desert treasure 1",
          "text": "unlocks ancient magics",
          "imageId": "id_4bc3535a3d4d1_19b86a888c8"
        },
        {
          "id": "id_591a616e4e01d8_19b86a8be3a",
          "title": "Monkey madness 2",
          "text": "Unlocks heavy ballista",
          "imageId": "id_591a616e4e01d8_19b86a8be3a"
        },
        {
          "id": "id_444f42ad2cf3c_19b86a91c98",
          "title": "Death plateau",
          "text": "unlocks climbing boots",
          "imageId": "id_444f42ad2cf3c_19b86a91c98"
        },
        {
          "id": "id_11b06219ca9ec_19b86a9cc26",
          "title": "Horror from the deep",
          "text": "unlocks god books",
          "imageId": "id_11b06219ca9ec_19b86a9cc26"
        },
        {
          "id": "id_f35aa34d4b52_19b86aa5d76",
          "title": "Priest in Peril",
          "text": "Access to morytaina ",
          "imageId": "id_f35aa34d4b52_19b86aa5d76"
        },
        {
          "id": "id_48e0455415ea9_19b86aae35e",
          "title": "waterfall quest",
          "text": "Massive attack and strength xp boost",
          "imageId": "id_48e0455415ea9_19b86aae35e"
        },
        {
          "id": "id_e7215ab937c2d8_19b882723cf",
          "title": "Dwarf Cannon",
          "text": "Unlocks cannon for range training with no hp",
          "imageId": "id_e7215ab937c2d8_19b882723cf"
        }
      ]
    }
  ]
}