{
  "title": "DMM Jan 30 — Callisto Cave Control (61–80)",
  "selectedSectionId": "id_93097dddad7cf_19b7e0462ef",
  "sections": [
    {
      "id": "id_2fc80d34ec3fd_19b7c933602",
      "title": "Phase 1 — Start (Lumbridge → Stronghold → 10k → Varrock)",
      "open": false,
      "steps": [
        {
          "id": "id_8f8c457f9ccbc8_19b7c933602",
          "title": "Lumbridge → Count Check",
          "text": "Spawn in Lumbridge.\nRun to the graveyard.\nComplete the restless ghost quest to get free prayer levels\nTalk to Count Check.\nTeleport to Stronghold of Security.",
          "imageId": "id_8f8c457f9ccbc8_19b7c933602"
        },
        {
          "id": "id_877fb84e774008_19b7c933602",
          "title": "Stronghold of Security → 10k",
          "text": "Complete Stronghold of Security for the starting 10k gold.",
          "imageId": "id_877fb84e774008_19b7c933602"
        },
        {
          "id": "id_f0cf51f079513_19b7c933602",
          "title": "Varrock shopping",
          "text": "Buy Staff of Water from Zaff.\nBuy Mind/Air runes from rune shop.",
          "imageId": "id_f0cf51f079513_19b7c933602"
        },
        {
          "id": "id_6d6382c534b758_19b7c9375cd",
          "title": "run to ferox/ lava dragons",
          "text": "run to the ferox onclave and use the obelisk to lvl 35 wildy then run to lava dragons. (have water staff, air runes, mind runes, some food)",
          "imageId": "id_6d6382c534b758_19b7c9375cd"
        }
      ]
    },
    {
      "id": "id_41aca66c38e868_19b7c933602",
      "title": "Phase 2 — Immunity hour (Lava Dragons → 43 Prayer)",
      "open": false,
      "steps": [
        {
          "id": "id_a111a820e40e38_19b7c933602",
          "title": "Go Lava Dragons immediately",
          "text": "During immunity, go to Lava Dragons.\nKill them and bury bones at the on the isle for bonus Prayer XP.\nExpect crowding.  kill until 43 prayer. (if you haven't completed the restless ghost quest yet dont get prayer xp yet otherwise you may end up past 43 prayer) ",
          "imageId": "id_a111a820e40e38_19b7c933602"
        },
        {
          "id": "id_aee8769caa1148_19b7c933602",
          "title": "sell loot from dragons at GE. ",
          "text": "Once you reach 43 Prayer, STOP killing Lava Dragons.\nWe want to keep HP low for bracket control.",
          "imageId": "id_aee8769caa1148_19b7c933602"
        }
      ]
    },
    {
      "id": "id_499ed7142a852_19b7dfe598f",
      "title": "Mage training",
      "open": false,
      "steps": [
        {
          "id": "id_ae9ceb14c3595_19b7dfe6581",
          "title": "To get easy mage levels without risk use Arceuus Libary",
          "text": "Go to the port sarim dock to travel to kourend (port piscarilius) (may need to do x marks the spot quest) ",
          "imageId": "id_ae9ceb14c3595_19b7dfe6581"
        },
        {
          "id": "id_d343166882b38_19b7dff61d1",
          "title": "Run through Arceuus Libary for as many mage levels as you want. ",
          "text": "Use plugin Kourend library to make it easy. stack up multiple books before turning them in. after you lose immunity you may want to redeem as you get them incase people rag.  ",
          "imageId": "id_d343166882b38_19b7dff61d1"
        }
      ]
    },
    {
      "id": "id_93097dddad7cf_19b7e0462ef",
      "title": "Range training",
      "open": false,
      "steps": [
        {
          "id": "id_02e6ee85594a6_19b7e046c0f",
          "title": "Complete Goblin Diplomacy",
          "text": "you can get woad leaves from Falador Park for 20gp",
          "imageId": "id_02e6ee85594a6_19b7e046c0f"
        },
        {
          "id": "id_ffc776dc515ae_19b7e078aca",
          "title": " Rune mysteries",
          "text": "",
          "imageId": "id_ffc776dc515ae_19b7e078aca"
        },
        {
          "id": "id_0b877ded4d363_19b7e0b09da",
          "title": "Complete The Lost Tribe",
          "text": "need 13 agilty (can be done at draynor)\nneed 13 theiving (pickpocket men/tea stall in varrock\nneed 17 mining (copper/tin ores south of lumby) ",
          "imageId": "id_0b877ded4d363_19b7e0b09da"
        },
        {
          "id": "id_ef8a2c3794ba48_19b7e0c937a",
          "title": "buy bone crossbows from the shop after quest (You can buy from the GE but likely costs a lot early on) ",
          "text": "Buy the crossbow and bone bolt packs (probably 500-1k) ",
          "imageId": "id_ef8a2c3794ba48_19b7e0c937a"
        },
        {
          "id": "id_3e7499b4f374a_19b7e0ea08c",
          "title": "Complete Ernest the chicken",
          "text": "all items are available during the quest",
          "imageId": "id_3e7499b4f374a_19b7e0ea08c"
        },
        {
          "id": "id_ad9799532dee78_19b7e12ab0e",
          "title": "Complete Priest in Peril ",
          "text": "",
          "imageId": "id_ad9799532dee78_19b7e12ab0e"
        },
        {
          "id": "id_a9789c7d35764_19b7e145f15",
          "title": "Complete Animal magnetism for backpack",
          "text": "Slayer 18 Slayer  (do varrock museum basement quiz for slayer)\nCrafting 19 Crafting  (sheer sheep into balls of wool at lumby castle)\nRanged 30 Ranged  (use bone crossbow to train range) \nWoodcutting 35  (cut trees)",
          "imageId": "id_a9789c7d35764_19b7e145f15"
        },
        {
          "id": "id_e01160284d1f78_19b7e219513",
          "title": "complete Dwarf cannon quest",
          "text": "",
          "imageId": "id_e01160284d1f78_19b7e219513"
        }
      ]
    },
    {
      "id": "id_699a9fdcca6d38_19b7e23f5e2",
      "title": "Combat Skill level Goals",
      "open": false,
      "steps": [
        {
          "id": "id_17c19b3c944028_19b7e23fe45",
          "title": "Max CB 60 option 1",
          "text": "50 hp for volatile staff\n60 attack for claws/dds ",
          "imageId": "id_17c19b3c944028_19b7e23fe45"
        },
        {
          "id": "id_6a17ac28992fc_19b7e2632a7",
          "title": "Max CB 60 option 2",
          "text": "Lowest hp/prayer option for godsword and barrage \n-no protect melee",
          "imageId": "id_6a17ac28992fc_19b7e2632a7"
        },
        {
          "id": "id_079632f480762_19b7e29a49e",
          "title": "Max CB 80 option 1 (godswords + basic overheads ) ",
          "text": "Godswords / max str range mage\nonly has protection prayer (no ruinous) ",
          "imageId": "id_079632f480762_19b7e29a49e"
        },
        {
          "id": "id_9195c5f828dbc8_19b7e2e1e1c",
          "title": "Max CB 80 option 2 (ruinous prayers account)",
          "text": "no godsword but allows for max ruinous prayers",
          "imageId": "id_9195c5f828dbc8_19b7e2e1e1c"
        },
        {
          "id": "id_8577d826e8c818_19b7e2f680e",
          "title": "Max CB 80 option 3 ( Godswords + rigour/augory ",
          "text": "",
          "imageId": "id_8577d826e8c818_19b7e2f680e"
        },
        {
          "id": "id_767e46c538a29_19b7e30e858",
          "title": "Max CB 80 option 4 (Tank)",
          "text": "Has max hp for surviving but only basic overheads",
          "imageId": "id_767e46c538a29_19b7e30e858"
        },
        {
          "id": "id_6e2749b2fbaff8_19b7e52c5d2",
          "title": "Max cb 95",
          "text": "82 for fang\nmax everything else. ",
          "imageId": "id_6e2749b2fbaff8_19b7e52c5d2"
        }
      ]
    },
    {
      "id": "id_d7a644495f466_19b7e32f2c5",
      "title": "Money making",
      "open": false,
      "steps": [
        {
          "id": "id_47533dcd16df3_19b7e32fbf0",
          "title": "Zombie Pirates",
          "text": "Prayer Mage and kill the zombies as a team for faster kills and protection from pkers. ",
          "imageId": "id_47533dcd16df3_19b7e32fbf0"
        },
        {
          "id": "id_0ebbe13c9da1a_19b7e3319ca",
          "title": "Mass Callisto",
          "text": "Get atleast 1 player with entangles / freezes and kill bear as a group. \n-players can get engangle/freeze sacks from LMS",
          "imageId": "id_0ebbe13c9da1a_19b7e3319ca"
        },
        {
          "id": "id_37a9bafc8285f_19b7e333c1c",
          "title": "LMS",
          "text": "We dont know yet if LMS will be allowed/points adjusted. ",
          "imageId": "id_37a9bafc8285f_19b7e333c1c"
        },
        {
          "id": "id_4bed752f0842d8_19b7e45c46d",
          "title": "Low level Revs",
          "text": "can kill easily with Bone crossbow / dragon weapons while wearing monk robes. ",
          "imageId": "id_4bed752f0842d8_19b7e45c46d"
        },
        {
          "id": "id_ded62fcc1eb8f8_19b7e4791bc",
          "title": "Mass agility course",
          "text": "draynor 1-30\nvarrock 30-52\n\ncourse from 52+ \n\nCosts 150k to use. having teamates with pk setups recommended\n",
          "imageId": "id_ded62fcc1eb8f8_19b7e4791bc"
        }
      ]
    },
    {
      "id": "id_e043faeaf1d54_19b7e4a7c77",
      "title": "DMM INFO",
      "open": false,
      "steps": [
        {
          "id": "id_563716d145b908_19b7e4a8448",
          "title": "DMM Skull unlocks sigil upgrades based on tasks completed/ levels gained",
          "text": "-not a full list of info available yet",
          "imageId": "id_563716d145b908_19b7e4a8448"
        },
        {
          "id": "id_ce5766f047a3c8_19b7e4a893c",
          "title": "Buyable Quest unlocks",
          "text": "recommended to get mahjaratt for ancients\ngnome for ballista?",
          "imageId": "id_ce5766f047a3c8_19b7e4a893c"
        },
        {
          "id": "id_07a7953f8f5238_19b7e4a8afc",
          "title": "Brackets",
          "text": "WE will likely be in the 61-80 for pures",
          "imageId": "id_07a7953f8f5238_19b7e4a8afc"
        },
        {
          "id": "id_b0fd50f21b8f88_19b7e4a8c6a",
          "title": "Random changes from previous years",
          "text": "",
          "imageId": "id_b0fd50f21b8f88_19b7e4a8c6a"
        }
      ]
    }
  ]
}